timestamp,domain,mode,server_ip,step,response,rtt_ms,total_time_ms,cache_status,servers_visited
2025-10-26T19:04:19.837901,wpad (A),Forwarding,8.8.8.8,Forwarded,"Response Received",28.3329,28.6288,N/A (No Cache),1
2025-10-26T19:04:19.866895,wpad (A),Forwarding,8.8.8.8,Forwarded,"Response Received",87.2805,87.5597,N/A (No Cache),1
2025-10-26T19:04:19.954785,wpad (A),Forwarding,8.8.8.8,Forwarded,"Response Received",26.5720,26.7935,N/A (No Cache),1
2025-10-26T19:04:19.981820,wpad (A),Forwarding,8.8.8.8,Forwarded,"Response Received",25.9321,26.1712,N/A (No Cache),1
2025-10-26T19:04:20.008245,wpad (A),Forwarding,8.8.8.8,Forwarded,"Response Received",178.1938,178.4909,N/A (No Cache),1
2025-10-26T19:04:20.187005,wpad (A),Forwarding,8.8.8.8,Forwarded,"Response Received",28.7788,29.0546,N/A (No Cache),1
2025-10-26T19:04:20.216408,wpad (A),Forwarding,8.8.8.8,Forwarded,"Response Received",27.6723,28.0039,N/A (No Cache),1
2025-10-26T19:04:20.244781,wpad (A),Forwarding,8.8.8.8,Forwarded,"Response Received",26.8679,27.2033,N/A (No Cache),1
2025-10-26T19:04:20.272237,wpad (A),Forwarding,8.8.8.8,Forwarded,"Response Received",25.4743,25.7156,N/A (No Cache),1
2025-10-26T19:04:20.298168,i1.api.augmentcode.com (A),Forwarding,8.8.8.8,Forwarded,"Response Received",32.6054,32.8293,N/A (No Cache),1
2025-10-26T19:04:20.331202,mobile.events.data.microsoft.com (A),Forwarding,8.8.8.8,Forwarded,"Response Received",23.8793,24.0946,N/A (No Cache),1
2025-10-26T19:04:20.355539,mobile.events.data.microsoft.com (UNKNOWN),Forwarding,8.8.8.8,Forwarded,"Response Received",24.4610,24.7543,N/A (No Cache),1
2025-10-26T19:04:20.380498,mtalk.google.com (A),Forwarding,8.8.8.8,Forwarded,"Response Received",25.6517,25.9171,N/A (No Cache),1
2025-10-26T19:04:20.406917,mtalk.google.com (A),Forwarding,8.8.8.8,Forwarded,"Response Received",24.8129,25.1405,N/A (No Cache),1
2025-10-26T19:04:20.432363,i1.api.augmentcode.com (AAAA),Forwarding,8.8.8.8,Forwarded,"Response Received",24.9002,25.1517,N/A (No Cache),1
2025-10-26T19:04:27.879924,wpad (A),Forwarding,8.8.8.8,Forwarded,"Response Received",28.1689,28.3511,N/A (No Cache),1
2025-10-26T19:04:27.970455,wpad (A),Forwarding,8.8.8.8,Forwarded,"Response Received",24.7812,24.9467,N/A (No Cache),1
2025-10-26T19:04:27.995528,wpad (A),Forwarding,8.8.8.8,Forwarded,"Response Received",26.8579,26.9699,N/A (No Cache),1
2025-10-26T19:04:28.022603,wpad (A),Forwarding,8.8.8.8,Forwarded,"Response Received",26.1583,26.3038,N/A (No Cache),1
2025-10-26T19:04:28.200477,wpad (A),Forwarding,8.8.8.8,Forwarded,"Response Received",29.5229,29.8204,N/A (No Cache),1
2025-10-26T19:04:28.230395,wpad (A),Forwarding,8.8.8.8,Forwarded,"Response Received",27.8635,27.9784,N/A (No Cache),1
2025-10-26T19:04:28.258490,wpad (A),Forwarding,8.8.8.8,Forwarded,"Response Received",27.2391,27.3986,N/A (No Cache),1
2025-10-26T19:04:28.286060,wpad (A),Forwarding,8.8.8.8,Forwarded,"Response Received",26.9089,27.0419,N/A (No Cache),1
2025-10-26T19:04:28.313290,wpad (A),Forwarding,8.8.8.8,Forwarded,"Response Received",24.6074,24.7002,N/A (No Cache),1
2025-10-26T19:04:34.730887,main.vscode-cdn.net (A),Forwarding,8.8.8.8,Forwarded,"Response Received",29.6152,30.0198,N/A (No Cache),1
2025-10-26T19:04:34.761092,main.vscode-cdn.net (UNKNOWN),Forwarding,8.8.8.8,Forwarded,"Response Received",28.1835,28.3546,N/A (No Cache),1
2025-10-26T19:04:48.436495,play.google.com (UNKNOWN),Forwarding,8.8.8.8,Forwarded,"Response Received",27.0481,27.2748,N/A (No Cache),1
2025-10-26T19:04:48.463895,play.google.com (A),Forwarding,8.8.8.8,Forwarded,"Response Received",25.3646,25.6083,N/A (No Cache),1
2025-10-26T19:04:52.433758,mobile.events.data.microsoft.com (A),Forwarding,8.8.8.8,Forwarded,"Response Received",27.8938,28.0383,N/A (No Cache),1
2025-10-26T19:04:52.473956,mobile.events.data.microsoft.com (AAAA),Forwarding,8.8.8.8,Forwarded,"Response Received",24.0834,24.1845,N/A (No Cache),1
2025-10-26T19:04:52.646004,default.exp-tas.com (A),Forwarding,8.8.8.8,Forwarded,"Response Received",25.7137,25.8527,N/A (No Cache),1
2025-10-26T19:04:52.684240,default.exp-tas.com (AAAA),Forwarding,8.8.8.8,Forwarded,"Response Received",24.8263,24.9617,N/A (No Cache),1
2025-10-26T19:04:57.285360,one.google.com (UNKNOWN),Forwarding,8.8.8.8,Forwarded,"Response Received",30.3948,30.5490,N/A (No Cache),1
2025-10-26T19:04:57.316054,one.google.com (A),Forwarding,8.8.8.8,Forwarded,"Response Received",25.9187,26.0494,N/A (No Cache),1
2025-10-26T19:04:59.433158,default.exp-tas.com (A),Forwarding,8.8.8.8,Forwarded,"Response Received",25.0232,25.2666,N/A (No Cache),1
2025-10-26T19:04:59.470643,default.exp-tas.com (AAAA),Forwarding,8.8.8.8,Forwarded,"Response Received",29.6538,29.8729,N/A (No Cache),1
2025-10-26T19:05:02.844872,wpad (A),Forwarding,8.8.8.8,Forwarded,"Response Received",26.3405,26.4986,N/A (No Cache),1
2025-10-26T19:05:04.266266,i1.api.augmentcode.com (A),Forwarding,8.8.8.8,Forwarded,"Response Received",27.0996,27.3845,N/A (No Cache),1
2025-10-26T19:05:04.305934,i1.api.augmentcode.com (AAAA),Forwarding,8.8.8.8,Forwarded,"Response Received",25.2059,25.4669,N/A (No Cache),1
2025-10-26T19:05:05.758882,mobile.events.data.microsoft.com (A),Forwarding,8.8.8.8,Forwarded,"Response Received",24.7741,24.9050,N/A (No Cache),1
2025-10-26T19:05:05.795936,mobile.events.data.microsoft.com (AAAA),Forwarding,8.8.8.8,Forwarded,"Response Received",24.3311,24.4434,N/A (No Cache),1
2025-10-26T19:05:09.036792,wpad (A),Forwarding,8.8.8.8,Forwarded,"Response Received",24.7018,24.8418,N/A (No Cache),1
2025-10-26T19:05:11.047289,wpad (A),Forwarding,8.8.8.8,Forwarded,"Response Received",24.2105,24.3874,N/A (No Cache),1
2025-10-26T19:05:17.975374,www.google.com (UNKNOWN),Forwarding,8.8.8.8,Forwarded,"Response Received",26.2933,26.4800,N/A (No Cache),1
2025-10-26T19:05:18.001994,www.google.com (A),Forwarding,8.8.8.8,Forwarded,"Response Received",24.2348,24.4014,N/A (No Cache),1
2025-10-26T19:05:18.237724,www.googleapis.com (UNKNOWN),Forwarding,8.8.8.8,Forwarded,"Response Received",24.4699,24.6596,N/A (No Cache),1
2025-10-26T19:05:18.262507,www.googleapis.com (A),Forwarding,8.8.8.8,Forwarded,"Response Received",26.1347,26.2606,N/A (No Cache),1
2025-10-26T19:05:18.338705,lh3.google.com (UNKNOWN),Forwarding,8.8.8.8,Forwarded,"Response Received",25.5451,25.7137,N/A (No Cache),1
2025-10-26T19:05:18.364555,lh3.google.com (A),Forwarding,8.8.8.8,Forwarded,"Response Received",25.9807,26.1626,N/A (No Cache),1
2025-10-26T19:05:18.397823,ogads-pa.clients6.google.com (UNKNOWN),Forwarding,8.8.8.8,Forwarded,"Response Received",27.2019,27.3781,N/A (No Cache),1
2025-10-26T19:05:18.425355,ogads-pa.clients6.google.com (A),Forwarding,8.8.8.8,Forwarded,"Response Received",25.5849,25.7289,N/A (No Cache),1
2025-10-26T19:05:18.451215,appsitemsuggest-pa.googleapis.com (UNKNOWN),Forwarding,8.8.8.8,Forwarded,"Response Received",27.5075,27.6887,N/A (No Cache),1
2025-10-26T19:05:18.479074,appsitemsuggest-pa.googleapis.com (A),Forwarding,8.8.8.8,Forwarded,"Response Received",26.4564,26.6492,N/A (No Cache),1
2025-10-26T19:05:18.505846,lh3.googleusercontent.com (UNKNOWN),Forwarding,8.8.8.8,Forwarded,"Response Received",29.0983,29.2649,N/A (No Cache),1
2025-10-26T19:05:18.535285,lh3.googleusercontent.com (A),Forwarding,8.8.8.8,Forwarded,"Response Received",24.0078,24.1718,N/A (No Cache),1
2025-10-26T19:05:19.385038,play.google.com (UNKNOWN),Forwarding,8.8.8.8,Forwarded,"Response Received",25.0146,25.1293,N/A (No Cache),1
2025-10-26T19:05:19.410306,play.google.com (A),Forwarding,8.8.8.8,Forwarded,"Response Received",24.5690,24.7860,N/A (No Cache),1
2025-10-26T19:05:19.752912,optimizationguide-pa.googleapis.com (UNKNOWN),Forwarding,8.8.8.8,Forwarded,"Response Received",28.1544,28.3451,N/A (No Cache),1
2025-10-26T19:05:19.781400,optimizationguide-pa.googleapis.com (A),Forwarding,8.8.8.8,Forwarded,"Response Received",24.9126,25.0485,N/A (No Cache),1
2025-10-26T19:05:19.806551,sheets.new (UNKNOWN),Forwarding,8.8.8.8,Forwarded,"Response Received",28.1618,28.3229,N/A (No Cache),1
2025-10-26T19:05:19.835132,sheets.new (A),Forwarding,8.8.8.8,Forwarded,"Response Received",26.3753,26.5331,N/A (No Cache),1
2025-10-26T19:05:19.861839,docs.google.com (UNKNOWN),Forwarding,8.8.8.8,Forwarded,"Response Received",24.5712,24.7335,N/A (No Cache),1
2025-10-26T19:05:19.886780,docs.google.com (A),Forwarding,8.8.8.8,Forwarded,"Response Received",27.7300,28.0769,N/A (No Cache),1
2025-10-26T19:05:19.915015,fonts.gstatic.com (UNKNOWN),Forwarding,8.8.8.8,Forwarded,"Response Received",24.3526,24.5061,N/A (No Cache),1
2025-10-26T19:05:19.939698,fonts.gstatic.com (A),Forwarding,8.8.8.8,Forwarded,"Response Received",25.1713,25.3186,N/A (No Cache),1
2025-10-26T19:05:19.965142,sheets.new (UNKNOWN),Forwarding,8.8.8.8,Forwarded,"Response Received",26.9339,27.1730,N/A (No Cache),1
2025-10-26T19:05:19.992458,sheets.new (A),Forwarding,8.8.8.8,Forwarded,"Response Received",33.7439,33.9477,N/A (No Cache),1
2025-10-26T19:05:20.026629,safebrowsing.google.com (UNKNOWN),Forwarding,8.8.8.8,Forwarded,"Response Received",29.1719,29.3252,N/A (No Cache),1
2025-10-26T19:05:20.056084,safebrowsing.google.com (A),Forwarding,8.8.8.8,Forwarded,"Response Received",24.1282,24.2558,N/A (No Cache),1
2025-10-26T19:05:20.080489,wpad (A),Forwarding,8.8.8.8,Forwarded,"Response Received",89.0000,89.1821,N/A (No Cache),1
2025-10-26T19:05:20.169865,sheets.new (UNKNOWN),Forwarding,8.8.8.8,Forwarded,"Response Received",26.7785,26.9415,N/A (No Cache),1
2025-10-26T19:05:20.197066,sheets.new (A),Forwarding,8.8.8.8,Forwarded,"Response Received",23.9351,24.1134,N/A (No Cache),1
2025-10-26T19:05:20.221298,www.gstatic.com (UNKNOWN),Forwarding,8.8.8.8,Forwarded,"Response Received",25.9590,26.1092,N/A (No Cache),1
2025-10-26T19:05:20.247568,www.gstatic.com (A),Forwarding,8.8.8.8,Forwarded,"Response Received",25.4791,25.6717,N/A (No Cache),1
2025-10-26T19:05:20.273348,apis.google.com (UNKNOWN),Forwarding,8.8.8.8,Forwarded,"Response Received",27.7719,27.9212,N/A (No Cache),1
2025-10-26T19:05:20.301394,apis.google.com (A),Forwarding,8.8.8.8,Forwarded,"Response Received",24.6139,24.7965,N/A (No Cache),1
2025-10-26T19:05:20.471926,drive-thirdparty.googleusercontent.com (UNKNOWN),Forwarding,8.8.8.8,Forwarded,"Response Received",81.1665,81.3425,N/A (No Cache),1
2025-10-26T19:05:20.553382,drive-thirdparty.googleusercontent.com (A),Forwarding,8.8.8.8,Forwarded,"Response Received",25.8167,25.9750,N/A (No Cache),1
2025-10-26T19:05:20.702339,mobile.events.data.microsoft.com (A),Forwarding,8.8.8.8,Forwarded,"Response Received",25.8505,26.0272,N/A (No Cache),1
2025-10-26T19:05:20.728515,mobile.events.data.microsoft.com (UNKNOWN),Forwarding,8.8.8.8,Forwarded,"Response Received",24.0998,24.3609,N/A (No Cache),1
2025-10-26T19:05:21.146304,fonts.googleapis.com (UNKNOWN),Forwarding,8.8.8.8,Forwarded,"Response Received",25.1088,25.3084,N/A (No Cache),1
2025-10-26T19:05:21.171895,fonts.googleapis.com (A),Forwarding,8.8.8.8,Forwarded,"Response Received",25.4693,25.6319,N/A (No Cache),1
2025-10-26T19:05:21.265715,lh3.google.com (UNKNOWN),Forwarding,8.8.8.8,Forwarded,"Response Received",27.1833,27.3719,N/A (No Cache),1
2025-10-26T19:05:21.293237,lh3.google.com (A),Forwarding,8.8.8.8,Forwarded,"Response Received",24.6909,24.8327,N/A (No Cache),1
2025-10-26T19:05:21.433768,lh3.googleusercontent.com (UNKNOWN),Forwarding,8.8.8.8,Forwarded,"Response Received",25.4204,25.8362,N/A (No Cache),1
2025-10-26T19:05:21.459794,lh3.googleusercontent.com (A),Forwarding,8.8.8.8,Forwarded,"Response Received",24.5697,24.7741,N/A (No Cache),1
2025-10-26T19:05:21.747961,ssl.gstatic.com (UNKNOWN),Forwarding,8.8.8.8,Forwarded,"Response Received",26.9318,27.4498,N/A (No Cache),1
2025-10-26T19:05:21.775993,ssl.gstatic.com (A),Forwarding,8.8.8.8,Forwarded,"Response Received",24.2226,24.3857,N/A (No Cache),1
2025-10-26T19:05:21.800521,content-autofill.googleapis.com (UNKNOWN),Forwarding,8.8.8.8,Forwarded,"Response Received",25.6810,25.8555,N/A (No Cache),1
2025-10-26T19:05:21.826529,content-autofill.googleapis.com (A),Forwarding,8.8.8.8,Forwarded,"Response Received",25.2736,25.5961,N/A (No Cache),1
2025-10-26T19:05:21.852312,ogads-pa.clients6.google.com (UNKNOWN),Forwarding,8.8.8.8,Forwarded,"Response Received",23.8583,24.2779,N/A (No Cache),1
2025-10-26T19:05:21.876768,ogads-pa.clients6.google.com (A),Forwarding,8.8.8.8,Forwarded,"Response Received",24.9639,25.1212,N/A (No Cache),1
2025-10-26T19:05:21.902047,waa-pa.clients6.google.com (UNKNOWN),Forwarding,8.8.8.8,Forwarded,"Response Received",24.4226,24.6584,N/A (No Cache),1
2025-10-26T19:05:21.926927,waa-pa.clients6.google.com (A),Forwarding,8.8.8.8,Forwarded,"Response Received",23.9413,24.1485,N/A (No Cache),1
2025-10-26T19:05:22.657140,peoplestack-pa.clients6.google.com (UNKNOWN),Forwarding,8.8.8.8,Forwarded,"Response Received",24.3127,24.5173,N/A (No Cache),1
2025-10-26T19:05:22.681826,peoplestack-pa.clients6.google.com (A),Forwarding,8.8.8.8,Forwarded,"Response Received",25.1844,25.3301,N/A (No Cache),1
2025-10-26T19:05:23.274110,appsgenaiserver-pa.clients6.google.com (UNKNOWN),Forwarding,8.8.8.8,Forwarded,"Response Received",26.6743,26.8462,N/A (No Cache),1
2025-10-26T19:05:23.301114,appsgenaiserver-pa.clients6.google.com (A),Forwarding,8.8.8.8,Forwarded,"Response Received",26.1424,26.3383,N/A (No Cache),1
2025-10-26T19:05:23.363188,appsgrowthpromo-pa.clients6.google.com (UNKNOWN),Forwarding,8.8.8.8,Forwarded,"Response Received",28.6140,28.7898,N/A (No Cache),1
2025-10-26T19:05:23.392113,appsgrowthpromo-pa.clients6.google.com (A),Forwarding,8.8.8.8,Forwarded,"Response Received",27.7948,27.9424,N/A (No Cache),1
2025-10-26T19:05:23.992198,addons-pa.clients6.google.com (UNKNOWN),Forwarding,8.8.8.8,Forwarded,"Response Received",26.1905,26.4339,N/A (No Cache),1
2025-10-26T19:05:24.018806,addons-pa.clients6.google.com (A),Forwarding,8.8.8.8,Forwarded,"Response Received",26.5481,26.9239,N/A (No Cache),1
2025-10-26T19:05:24.045890,ssl.gstatic.com (UNKNOWN),Forwarding,8.8.8.8,Forwarded,"Response Received",25.0943,25.2640,N/A (No Cache),1
2025-10-26T19:05:24.071316,ssl.gstatic.com (A),Forwarding,8.8.8.8,Forwarded,"Response Received",24.6649,24.9813,N/A (No Cache),1
2025-10-26T19:05:24.150695,i1.api.augmentcode.com (A),Forwarding,8.8.8.8,Forwarded,"Response Received",24.6441,24.8425,N/A (No Cache),1
2025-10-26T19:05:24.187826,i1.api.augmentcode.com (AAAA),Forwarding,8.8.8.8,Forwarded,"Response Received",25.0828,25.2833,N/A (No Cache),1
2025-10-26T19:05:24.448035,contacts.google.com (UNKNOWN),Forwarding,8.8.8.8,Forwarded,"Response Received",29.5298,29.7713,N/A (No Cache),1
2025-10-26T19:05:24.477938,contacts.google.com (A),Forwarding,8.8.8.8,Forwarded,"Response Received",25.6517,25.8155,N/A (No Cache),1
2025-10-26T19:05:24.693188,accounts.google.com (UNKNOWN),Forwarding,8.8.8.8,Forwarded,"Response Received",27.7512,27.9903,N/A (No Cache),1
2025-10-26T19:05:24.721351,accounts.google.com (A),Forwarding,8.8.8.8,Forwarded,"Response Received",25.6422,25.8133,N/A (No Cache),1
2025-10-26T19:05:35.845723,clients4.google.com (UNKNOWN),Forwarding,8.8.8.8,Forwarded,"Response Received",26.7823,26.9043,N/A (No Cache),1
2025-10-26T19:05:35.872736,clients4.google.com (A),Forwarding,8.8.8.8,Forwarded,"Response Received",24.6987,24.8315,N/A (No Cache),1
2025-10-26T19:05:42.223545,o4509262619082752.ingest.us.sentry.io (A),Forwarding,8.8.8.8,Forwarded,"Response Received",24.2751,24.3857,N/A (No Cache),1
2025-10-26T19:05:42.260277,o4509262619082752.ingest.us.sentry.io (AAAA),Forwarding,8.8.8.8,Forwarded,"Response Received",25.4686,25.6314,N/A (No Cache),1
2025-10-26T19:06:01.265397,one.google.com (UNKNOWN),Forwarding,8.8.8.8,Forwarded,"Response Received",88.2304,88.4130,N/A (No Cache),1
2025-10-26T19:06:01.354033,one.google.com (A),Forwarding,8.8.8.8,Forwarded,"Response Received",24.4548,24.6840,N/A (No Cache),1
2025-10-26T19:06:01.528596,collector.github.com (UNKNOWN),Forwarding,8.8.8.8,Forwarded,"Response Received",24.3683,24.5359,N/A (No Cache),1
2025-10-26T19:06:01.553285,collector.github.com (A),Forwarding,8.8.8.8,Forwarded,"Response Received",25.0173,25.2051,N/A (No Cache),1
2025-10-26T19:06:03.931042,i1.api.augmentcode.com (A),Forwarding,8.8.8.8,Forwarded,"Response Received",28.2421,28.5370,N/A (No Cache),1
2025-10-26T19:06:03.971935,i1.api.augmentcode.com (AAAA),Forwarding,8.8.8.8,Forwarded,"Response Received",24.1501,24.2898,N/A (No Cache),1
2025-10-26T19:06:04.857811,o4509262619082752.ingest.us.sentry.io (A),Forwarding,8.8.8.8,Forwarded,"Response Received",25.5072,25.7950,N/A (No Cache),1
2025-10-26T19:06:04.896139,o4509262619082752.ingest.us.sentry.io (AAAA),Forwarding,8.8.8.8,Forwarded,"Response Received",25.7266,25.9018,N/A (No Cache),1
2025-10-26T19:06:19.370030,beacons.gcp.gvt2.com (UNKNOWN),Forwarding,8.8.8.8,Forwarded,"Response Received",27.1080,27.2772,N/A (No Cache),1
2025-10-26T19:06:19.397536,beacons.gcp.gvt2.com (A),Forwarding,8.8.8.8,Forwarded,"Response Received",25.1441,25.2812,N/A (No Cache),1
2025-10-26T19:06:22.505741,beacons.gvt2.com (UNKNOWN),Forwarding,8.8.8.8,Forwarded,"Response Received",24.5001,24.8687,N/A (No Cache),1
2025-10-26T19:06:22.530937,beacons.gvt2.com (A),Forwarding,8.8.8.8,Forwarded,"Response Received",26.3066,26.5687,N/A (No Cache),1
2025-10-26T19:06:24.489061,beacons2.gvt2.com (UNKNOWN),Forwarding,8.8.8.8,Forwarded,"Response Received",24.3084,24.4846,N/A (No Cache),1
2025-10-26T19:06:24.513716,beacons2.gvt2.com (A),Forwarding,8.8.8.8,Forwarded,"Response Received",26.3305,26.4778,N/A (No Cache),1
2025-10-26T19:06:45.152364,ssl.gstatic.com (UNKNOWN),Forwarding,8.8.8.8,Forwarded,"Response Received",30.4530,30.6675,N/A (No Cache),1
2025-10-26T19:06:45.183164,wpad (A),Forwarding,8.8.8.8,Forwarded,"Response Received",24.7543,24.9124,N/A (No Cache),1
2025-10-26T19:06:45.208214,ssl.gstatic.com (A),Forwarding,8.8.8.8,Forwarded,"Response Received",24.5864,24.7171,N/A (No Cache),1
2025-10-26T19:06:45.328393,beacons.gcp.gvt2.com (UNKNOWN),Forwarding,8.8.8.8,Forwarded,"Response Received",25.9187,26.0746,N/A (No Cache),1
2025-10-26T19:06:45.354582,beacons.gcp.gvt2.com (A),Forwarding,8.8.8.8,Forwarded,"Response Received",25.6395,25.7623,N/A (No Cache),1
2025-10-26T19:06:45.769883,www.google.com (UNKNOWN),Forwarding,8.8.8.8,Forwarded,"Response Received",27.6022,27.7858,N/A (No Cache),1
2025-10-26T19:06:45.797812,www.google.com (A),Forwarding,8.8.8.8,Forwarded,"Response Received",25.9469,26.0973,N/A (No Cache),1
2025-10-26T19:06:49.336756,beacons4.gvt2.com (UNKNOWN),Forwarding,8.8.8.8,Forwarded,"Response Received",29.2826,29.4774,N/A (No Cache),1
2025-10-26T19:06:49.366456,beacons4.gvt2.com (A),Forwarding,8.8.8.8,Forwarded,"Response Received",24.1632,24.3273,N/A (No Cache),1
2025-10-26T19:06:50.742649,ssl.gstatic.com (UNKNOWN),Forwarding,8.8.8.8,Forwarded,"Response Received",28.6534,28.8236,N/A (No Cache),1
2025-10-26T19:06:50.771604,ssl.gstatic.com (A),Forwarding,8.8.8.8,Forwarded,"Response Received",24.1427,24.2798,N/A (No Cache),1
2025-10-26T19:06:51.025417,waa-pa.clients6.google.com (UNKNOWN),Forwarding,8.8.8.8,Forwarded,"Response Received",25.0010,25.3205,N/A (No Cache),1
2025-10-26T19:06:51.050931,waa-pa.clients6.google.com (A),Forwarding,8.8.8.8,Forwarded,"Response Received",25.2988,25.5055,N/A (No Cache),1
2025-10-26T19:07:00.771124,clients4.google.com (UNKNOWN),Forwarding,8.8.8.8,Forwarded,"Response Received",33.2954,33.5438,N/A (No Cache),1
2025-10-26T19:07:00.804909,clients4.google.com (A),Forwarding,8.8.8.8,Forwarded,"Response Received",24.7095,24.8532,N/A (No Cache),1
2025-10-26T19:07:01.588769,mobile.events.data.microsoft.com (A),Forwarding,8.8.8.8,Forwarded,"Response Received",26.1638,26.3584,N/A (No Cache),1
2025-10-26T19:07:01.615414,mobile.events.data.microsoft.com (UNKNOWN),Forwarding,8.8.8.8,Forwarded,"Response Received",25.3847,25.5620,N/A (No Cache),1
2025-10-26T19:07:07.261726,accounts.youtube.com (UNKNOWN),Forwarding,8.8.8.8,Forwarded,"Response Received",27.7066,27.8327,N/A (No Cache),1
2025-10-26T19:07:07.289748,accounts.youtube.com (A),Forwarding,8.8.8.8,Forwarded,"Response Received",26.7494,26.9115,N/A (No Cache),1
2025-10-26T19:07:15.890739,wpad (A),Forwarding,8.8.8.8,Forwarded,"Response Received",29.3550,29.6447,N/A (No Cache),1
2025-10-26T19:07:22.221414,play.google.com (UNKNOWN),Forwarding,8.8.8.8,Forwarded,"Response Received",27.0877,27.2512,N/A (No Cache),1
2025-10-26T19:07:22.248810,play.google.com (A),Forwarding,8.8.8.8,Forwarded,"Response Received",24.0848,24.2727,N/A (No Cache),1
2025-10-26T19:07:22.524641,beacons.gcp.gvt2.com (UNKNOWN),Forwarding,8.8.8.8,Forwarded,"Response Received",25.4595,25.7242,N/A (No Cache),1
2025-10-26T19:07:22.550606,beacons.gcp.gvt2.com (A),Forwarding,8.8.8.8,Forwarded,"Response Received",24.7471,25.0249,N/A (No Cache),1
2025-10-26T19:07:28.280031,sapendolo.it (A),Forwarding,8.8.8.8,Forwarded,"Response Received",28.8563,29.2075,N/A (No Cache),1
2025-10-26T19:07:28.392309,boneshoppe.com (A),Forwarding,8.8.8.8,Forwarded,"Response Received",31.9586,32.2375,N/A (No Cache),1
2025-10-26T19:07:28.498752,boh10suphanburi.com (A),Forwarding,8.8.8.8,Forwarded,"Response Received",32.2824,32.5372,N/A (No Cache),1
2025-10-26T19:07:28.605374,ugotrelis.com (A),Forwarding,8.8.8.8,Forwarded,"Response Received",406.5831,406.9068,N/A (No Cache),1
2025-10-26T19:07:29.087072,ugotrelis.com (A),Forwarding,8.8.8.8,Forwarded,"Response Received",26.6073,26.9227,N/A (No Cache),1
2025-10-26T19:07:29.188105,florenseusa.com (A),Forwarding,8.8.8.8,Forwarded,"Response Received",27.0212,27.2889,N/A (No Cache),1
2025-10-26T19:07:29.289517,florenseusa.com (A),Forwarding,8.8.8.8,Forwarded,"Response Received",90.1091,90.3990,N/A (No Cache),1
2025-10-26T19:07:29.454804,overseasmedical.com (A),Forwarding,8.8.8.8,Forwarded,"Response Received",478.0107,478.3213,N/A (No Cache),1
2025-10-26T19:07:30.006971,overseasmedical.com (A),Forwarding,8.8.8.8,Forwarded,"Response Received",26.7494,27.0243,N/A (No Cache),1
2025-10-26T19:07:30.107856,alb-automobiles.com (A),Forwarding,8.8.8.8,Forwarded,"Response Received",88.5596,88.8658,N/A (No Cache),1
2025-10-26T19:07:30.273351,pces.in (A),Forwarding,8.8.8.8,Forwarded,"Response Received",26.8235,27.0884,N/A (No Cache),1
2025-10-26T19:07:30.374338,pces.in (A),Forwarding,8.8.8.8,Forwarded,"Response Received",34.8792,35.1646,N/A (No Cache),1
2025-10-26T19:07:30.481968,gardeninginflorida.com (A),Forwarding,8.8.8.8,Forwarded,"Response Received",31.3153,31.6014,N/A (No Cache),1
2025-10-26T19:07:30.587818,gardeninginflorida.com (A),Forwarding,8.8.8.8,Forwarded,"Response Received",91.3372,91.5952,N/A (No Cache),1
2025-10-26T19:07:30.754880,gurukulonline.com (A),Forwarding,8.8.8.8,Forwarded,"Response Received",26.9883,27.2496,N/A (No Cache),1
2025-10-26T19:07:30.856882,gurukulonline.com (A),Forwarding,8.8.8.8,Forwarded,"Response Received",24.9968,25.2461,N/A (No Cache),1
2025-10-26T19:07:30.955700,oneworldinfo.com (A),Forwarding,8.8.8.8,Forwarded,"Response Received",26.4909,26.8159,N/A (No Cache),1
2025-10-26T19:07:31.056685,oneworldinfo.com (A),Forwarding,8.8.8.8,Forwarded,"Response Received",28.4579,28.7628,N/A (No Cache),1
2025-10-26T19:07:31.159004,valdo.com (A),Forwarding,8.8.8.8,Forwarded,"Response Received",26.8998,27.1823,N/A (No Cache),1
2025-10-26T19:07:31.261167,valdo.com (A),Forwarding,8.8.8.8,Forwarded,"Response Received",26.6593,26.9957,N/A (No Cache),1
2025-10-26T19:07:31.362302,rubenquinones.com (A),Forwarding,8.8.8.8,Forwarded,"Response Received",25.4250,25.6810,N/A (No Cache),1
2025-10-26T19:07:31.460856,rubenquinones.com (A),Forwarding,8.8.8.8,Forwarded,"Response Received",38.5449,38.8925,N/A (No Cache),1
2025-10-26T19:07:31.573927,sf-notifications.com (A),Forwarding,8.8.8.8,Forwarded,"Response Received",32.5134,32.8727,N/A (No Cache),1
2025-10-26T19:07:31.680113,originalmagicart.com (A),Forwarding,8.8.8.8,Forwarded,"Response Received",26.5074,26.7665,N/A (No Cache),1
2025-10-26T19:07:31.781042,originalmagicart.com (A),Forwarding,8.8.8.8,Forwarded,"Response Received",94.9967,95.2454,N/A (No Cache),1
2025-10-26T19:07:31.950051,yunpda.com (A),Forwarding,8.8.8.8,Forwarded,"Response Received",256.1059,256.3701,N/A (No Cache),1
2025-10-26T19:07:32.282869,adverman.com (A),Forwarding,8.8.8.8,Forwarded,"Response Received",516.8111,517.0445,N/A (No Cache),1
2025-10-26T19:07:32.873039,adverman.com (A),Forwarding,8.8.8.8,Forwarded,"Response Received",29.3517,29.6288,N/A (No Cache),1
2025-10-26T19:07:32.976776,arrabonet.hu (A),Forwarding,8.8.8.8,Forwarded,"Response Received",438.0097,438.3216,N/A (No Cache),1
2025-10-26T19:07:33.489665,arrabonet.hu (A),Forwarding,8.8.8.8,Forwarded,"Response Received",396.3573,396.7052,N/A (No Cache),1
2025-10-26T19:07:33.960536,onetoshop.nl (A),Forwarding,8.8.8.8,Forwarded,"Response Received",32.1612,32.4631,N/A (No Cache),1
2025-10-26T19:07:34.066120,onetoshop.nl (A),Forwarding,8.8.8.8,Forwarded,"Response Received",28.5041,28.8007,N/A (No Cache),1
2025-10-26T19:07:34.168956,saharaimport.com (A),Forwarding,8.8.8.8,Forwarded,"Response Received",27.6873,28.1577,N/A (No Cache),1
2025-10-26T19:07:34.270264,saharaimport.com (A),Forwarding,8.8.8.8,Forwarded,"Response Received",26.0596,26.3085,N/A (No Cache),1
2025-10-26T19:07:34.370204,skplus.kr (A),Forwarding,8.8.8.8,Forwarded,"Response Received",272.9673,273.2534,N/A (No Cache),1
2025-10-26T19:07:34.718067,miscellaneousheathen.com (A),Forwarding,8.8.8.8,Forwarded,"Response Received",26.8829,27.1378,N/A (No Cache),1
2025-10-26T19:07:34.819022,miscellaneousheathen.com (A),Forwarding,8.8.8.8,Forwarded,"Response Received",24.6844,24.9207,N/A (No Cache),1
2025-10-26T19:07:34.917073,medintime.ru (A),Forwarding,8.8.8.8,Forwarded,"Response Received",26.7093,26.9563,N/A (No Cache),1
2025-10-26T19:07:35.017741,medintime.ru (A),Forwarding,8.8.8.8,Forwarded,"Response Received",33.8342,34.1485,N/A (No Cache),1
2025-10-26T19:07:35.125954,viahttps.com (A),Forwarding,8.8.8.8,Forwarded,"Response Received",27.2880,27.5474,N/A (No Cache),1
2025-10-26T19:07:35.227114,viahttps.com (A),Forwarding,8.8.8.8,Forwarded,"Response Received",24.7266,24.9629,N/A (No Cache),1
2025-10-26T19:07:35.325782,22hotmail.com (A),Forwarding,8.8.8.8,Forwarded,"Response Received",26.4471,26.6879,N/A (No Cache),1
2025-10-26T19:07:35.425880,22hotmail.com (A),Forwarding,8.8.8.8,Forwarded,"Response Received",25.4986,25.8062,N/A (No Cache),1
2025-10-26T19:07:35.525434,kiyimuzik.com (A),Forwarding,8.8.8.8,Forwarded,"Response Received",28.1255,28.4317,N/A (No Cache),1
2025-10-26T19:07:35.627317,kiyimuzik.com (A),Forwarding,8.8.8.8,Forwarded,"Response Received",25.6202,25.8870,N/A (No Cache),1
2025-10-26T19:07:35.728211,closerdiets.com (A),Forwarding,8.8.8.8,Forwarded,"Response Received",29.3815,29.6736,N/A (No Cache),1
2025-10-26T19:07:35.831305,closerdiets.com (A),Forwarding,8.8.8.8,Forwarded,"Response Received",34.8744,35.1427,N/A (No Cache),1
2025-10-26T19:07:35.939238,divefishhouse.com (A),Forwarding,8.8.8.8,Forwarded,"Response Received",30.0381,30.2744,N/A (No Cache),1
2025-10-26T19:07:36.041551,ereadz.com (A),Forwarding,8.8.8.8,Forwarded,"Response Received",30.0901,30.3690,N/A (No Cache),1
2025-10-26T19:07:36.145985,sipflash.com (A),Forwarding,8.8.8.8,Forwarded,"Response Received",444.3703,444.7393,N/A (No Cache),1
2025-10-26T19:07:36.665029,myfantasticpark.es (A),Forwarding,8.8.8.8,Forwarded,"Response Received",333.8859,334.1973,N/A (No Cache),1
2025-10-26T19:07:37.073970,myfantasticpark.es (A),Forwarding,8.8.8.8,Forwarded,"Response Received",304.7223,304.9841,N/A (No Cache),1
2025-10-26T19:07:37.451996,c0.pl (A),Forwarding,8.8.8.8,Forwarded,"Response Received",26.2911,26.5882,N/A (No Cache),1
2025-10-26T19:07:37.553109,c0.pl (A),Forwarding,8.8.8.8,Forwarded,"Response Received",27.8599,28.1389,N/A (No Cache),1
2025-10-26T19:07:37.655746,vinayaprabha.com (A),Forwarding,8.8.8.8,Forwarded,"Response Received",26.8462,27.1451,N/A (No Cache),1
2025-10-26T19:07:37.756822,vinayaprabha.com (A),Forwarding,8.8.8.8,Forwarded,"Response Received",26.8950,27.1759,N/A (No Cache),1
2025-10-26T19:07:37.858474,2xfzy.com (A),Forwarding,8.8.8.8,Forwarded,"Response Received",470.8362,471.1170,N/A (No Cache),1
2025-10-26T19:07:38.402439,2xfzy.com (A),Forwarding,8.8.8.8,Forwarded,"Response Received",541.9917,542.2904,N/A (No Cache),1
2025-10-26T19:07:38.944972,www.googleapis.com (UNKNOWN),Forwarding,8.8.8.8,Forwarded,"Response Received",24.5590,24.8139,N/A (No Cache),1
2025-10-26T19:07:38.970065,www.googleapis.com (A),Forwarding,8.8.8.8,Forwarded,"Response Received",26.6395,26.8357,N/A (No Cache),1
2025-10-26T19:07:39.017016,livescan4all.com (A),Forwarding,8.8.8.8,Forwarded,"Response Received",25.5871,25.8553,N/A (No Cache),1
2025-10-26T19:07:39.116455,livescan4all.com (A),Forwarding,8.8.8.8,Forwarded,"Response Received",339.9103,340.1890,N/A (No Cache),1
2025-10-26T19:07:39.456855,android.clients.google.com (UNKNOWN),Forwarding,8.8.8.8,Forwarded,"Response Received",24.5893,24.8396,N/A (No Cache),1
2025-10-26T19:07:39.481935,android.clients.google.com (A),Forwarding,8.8.8.8,Forwarded,"Response Received",24.5774,24.8046,N/A (No Cache),1
2025-10-26T19:07:39.530861,cellslider.net (A),Forwarding,8.8.8.8,Forwarded,"Response Received",36.9782,37.2131,N/A (No Cache),1
2025-10-26T19:07:39.641699,cellslider.net (A),Forwarding,8.8.8.8,Forwarded,"Response Received",52.0289,52.2871,N/A (No Cache),1
2025-10-26T19:07:39.770548,gaplex.biz (A),Forwarding,8.8.8.8,Forwarded,"Response Received",26.0754,26.3348,N/A (No Cache),1
2025-10-26T19:07:39.872605,carolgraykennedy.com (A),Forwarding,8.8.8.8,Forwarded,"Response Received",28.6205,28.8870,N/A (No Cache),1
2025-10-26T19:07:39.975356,koopsmodellbau.de (A),Forwarding,8.8.8.8,Forwarded,"Response Received",26.3085,26.5334,N/A (No Cache),1
2025-10-26T19:07:40.074345,koopsmodellbau.de (A),Forwarding,8.8.8.8,Forwarded,"Response Received",24.8976,25.1331,N/A (No Cache),1
2025-10-26T19:07:40.172440,rolflouisville.com (A),Forwarding,8.8.8.8,Forwarded,"Response Received",26.7377,26.9804,N/A (No Cache),1
2025-10-26T19:07:40.273538,rolflouisville.com (A),Forwarding,8.8.8.8,Forwarded,"Response Received",26.2146,26.5172,N/A (No Cache),1
2025-10-26T19:07:40.374792,ilikecrochet.com (A),Forwarding,8.8.8.8,Forwarded,"Response Received",33.1726,33.4554,N/A (No Cache),1
2025-10-26T19:07:40.472910,ilikecrochet.com (A),Forwarding,8.8.8.8,Forwarded,"Response Received",33.6516,33.9301,N/A (No Cache),1
2025-10-26T19:07:40.579805,theexoticpersian.com (A),Forwarding,8.8.8.8,Forwarded,"Response Received",27.5593,27.8420,N/A (No Cache),1
2025-10-26T19:07:40.681393,greens.my (A),Forwarding,8.8.8.8,Forwarded,"Response Received",31.4705,31.7366,N/A (No Cache),1
2025-10-26T19:07:40.789892,greens.my (A),Forwarding,8.8.8.8,Forwarded,"Response Received",25.2364,25.5172,N/A (No Cache),1
2025-10-26T19:07:40.888050,frasesdemotivacao.net (A),Forwarding,8.8.8.8,Forwarded,"Response Received",86.5254,86.7579,N/A (No Cache),1
2025-10-26T19:07:41.048749,freepornvideosx.com (A),Forwarding,8.8.8.8,Forwarded,"Response Received",31.9507,32.2087,N/A (No Cache),1
2025-10-26T19:07:41.143866,muhammedmusa.com (A),Forwarding,8.8.8.8,Forwarded,"Response Received",30.6447,30.8893,N/A (No Cache),1
2025-10-26T19:07:41.248669,wordai.com (A),Forwarding,8.8.8.8,Forwarded,"Response Received",27.8027,28.0638,N/A (No Cache),1
2025-10-26T19:07:41.351439,wordai.com (A),Forwarding,8.8.8.8,Forwarded,"Response Received",25.7289,25.9755,N/A (No Cache),1
2025-10-26T19:07:41.452495,videofun.me (A),Forwarding,8.8.8.8,Forwarded,"Response Received",26.4885,27.0052,N/A (No Cache),1
2025-10-26T19:07:41.554270,sitiweb.us (A),Forwarding,8.8.8.8,Forwarded,"Response Received",25.9073,26.2091,N/A (No Cache),1
2025-10-26T19:07:41.654803,sitiweb.us (A),Forwarding,8.8.8.8,Forwarded,"Response Received",25.0783,25.3496,N/A (No Cache),1
2025-10-26T19:07:41.756509,pilsnerurquell.com (A),Forwarding,8.8.8.8,Forwarded,"Response Received",28.0216,28.3003,N/A (No Cache),1
2025-10-26T19:07:41.859300,pilsnerurquell.com (A),Forwarding,8.8.8.8,Forwarded,"Response Received",29.8040,30.0856,N/A (No Cache),1
2025-10-26T19:07:41.957419,daytimeghosthunter.com (A),Forwarding,8.8.8.8,Forwarded,"Response Received",31.4384,31.7390,N/A (No Cache),1
2025-10-26T19:07:42.064948,majorleaguelacrosse.com (A),Forwarding,8.8.8.8,Forwarded,"Response Received",31.7864,32.1040,N/A (No Cache),1
2025-10-26T19:07:42.173328,majorleaguelacrosse.com (A),Forwarding,8.8.8.8,Forwarded,"Response Received",32.5792,32.8231,N/A (No Cache),1
2025-10-26T19:07:42.281797,auto-klad.ru (A),Forwarding,8.8.8.8,Forwarded,"Response Received",24.6308,25.1410,N/A (No Cache),1
2025-10-26T19:07:42.381281,auto-klad.ru (A),Forwarding,8.8.8.8,Forwarded,"Response Received",25.7406,26.0022,N/A (No Cache),1
2025-10-26T19:07:42.481684,itgeorgia.co (A),Forwarding,8.8.8.8,Forwarded,"Response Received",25.7230,25.9855,N/A (No Cache),1
2025-10-26T19:07:42.584006,itgeorgia.co (A),Forwarding,8.8.8.8,Forwarded,"Response Received",26.1121,26.5539,N/A (No Cache),1
2025-10-26T19:07:42.685461,xxx-muschis.de (A),Forwarding,8.8.8.8,Forwarded,"Response Received",88.2583,88.5022,N/A (No Cache),1
2025-10-26T19:07:42.848303,7apcrshrmanila.org (A),Forwarding,8.8.8.8,Forwarded,"Response Received",294.4424,294.7097,N/A (No Cache),1
2025-10-26T19:07:43.216860,godo.co.kr (A),Forwarding,8.8.8.8,Forwarded,"Response Received",24.9512,25.1927,N/A (No Cache),1
2025-10-26T19:07:43.315058,godo.co.kr (A),Forwarding,8.8.8.8,Forwarded,"Response Received",27.1378,27.6358,N/A (No Cache),1
2025-10-26T19:07:43.414055,ok-magazine.ru (A),Forwarding,8.8.8.8,Forwarded,"Response Received",445.7147,445.9968,N/A (No Cache),1
2025-10-26T19:07:43.933786,ok-magazine.ru (A),Forwarding,8.8.8.8,Forwarded,"Response Received",438.0035,438.3190,N/A (No Cache),1
2025-10-26T19:07:44.445987,ranocchi.it (A),Forwarding,8.8.8.8,Forwarded,"Response Received",437.5830,437.8552,N/A (No Cache),1
2025-10-26T19:07:44.955221,ranocchi.it (A),Forwarding,8.8.8.8,Forwarded,"Response Received",440.1667,440.4545,N/A (No Cache),1
2025-10-26T19:07:45.468325,millionfareast.com (A),Forwarding,8.8.8.8,Forwarded,"Response Received",91.1806,91.4395,N/A (No Cache),1
2025-10-26T19:07:45.635190,millionfareast.com (A),Forwarding,8.8.8.8,Forwarded,"Response Received",27.0700,27.3132,N/A (No Cache),1
2025-10-26T19:07:45.736483,solcredito.es (A),Forwarding,8.8.8.8,Forwarded,"Response Received",31.3339,31.5590,N/A (No Cache),1
2025-10-26T19:07:45.840811,solcredito.es (A),Forwarding,8.8.8.8,Forwarded,"Response Received",268.7926,269.0194,N/A (No Cache),1
2025-10-26T19:07:46.185353,contentremarketing.com (A),Forwarding,8.8.8.8,Forwarded,"Response Received",26.2723,26.5949,N/A (No Cache),1
2025-10-26T19:07:46.284804,contentremarketing.com (A),Forwarding,8.8.8.8,Forwarded,"Response Received",26.5319,26.8013,N/A (No Cache),1
2025-10-26T19:07:46.386247,thepropertyvault.co.uk (A),Forwarding,8.8.8.8,Forwarded,"Response Received",96.0674,96.4055,N/A (No Cache),1
2025-10-26T19:07:46.555796,thepropertyvault.co.uk (A),Forwarding,8.8.8.8,Forwarded,"Response Received",25.8782,26.1271,N/A (No Cache),1
2025-10-26T19:07:46.655541,dmg-dental.com (A),Forwarding,8.8.8.8,Forwarded,"Response Received",26.0699,26.3331,N/A (No Cache),1
2025-10-26T19:07:46.739609,dmg-dental.com (A),Forwarding,8.8.8.8,Forwarded,"Response Received",26.5074,26.7458,N/A (No Cache),1
2025-10-26T19:07:46.835801,supportpabiomass.org (A),Forwarding,8.8.8.8,Forwarded,"Response Received",402.8151,403.4243,N/A (No Cache),1
2025-10-26T19:07:47.315282,supportpabiomass.org (A),Forwarding,8.8.8.8,Forwarded,"Response Received",26.6724,26.9554,N/A (No Cache),1
2025-10-26T19:07:47.418905,kanoon-ansar.org (A),Forwarding,8.8.8.8,Forwarded,"Response Received",27.4274,27.7436,N/A (No Cache),1
2025-10-26T19:07:47.524551,kanoon-ansar.org (A),Forwarding,8.8.8.8,Forwarded,"Response Received",29.6502,29.9788,N/A (No Cache),1
2025-10-26T19:07:47.630343,capequilog.com (A),Forwarding,8.8.8.8,Forwarded,"Response Received",25.1446,25.4598,N/A (No Cache),1
2025-10-26T19:07:47.735904,capequilog.com (A),Forwarding,8.8.8.8,Forwarded,"Response Received",26.9120,27.1692,N/A (No Cache),1
2025-10-26T19:07:47.838366,meditekyazilim.net (A),Forwarding,8.8.8.8,Forwarded,"Response Received",26.4554,26.7088,N/A (No Cache),1
2025-10-26T19:07:47.939812,meditekyazilim.net (A),Forwarding,8.8.8.8,Forwarded,"Response Received",25.4166,25.6491,N/A (No Cache),1
2025-10-26T19:07:48.040310,b2b2c.ca (A),Forwarding,8.8.8.8,Forwarded,"Response Received",325.0034,325.2401,N/A (No Cache),1
2025-10-26T19:07:48.437376,b2b2c.ca (A),Forwarding,8.8.8.8,Forwarded,"Response Received",337.4774,337.7321,N/A (No Cache),1
2025-10-26T19:07:48.849875,silkroadtours.com (A),Forwarding,8.8.8.8,Forwarded,"Response Received",98.8114,99.0703,N/A (No Cache),1
2025-10-26T19:07:49.022666,silkroadtours.com (A),Forwarding,8.8.8.8,Forwarded,"Response Received",25.9225,26.1571,N/A (No Cache),1
2025-10-26T19:07:49.049091,mobile.events.data.microsoft.com (A),Forwarding,8.8.8.8,Forwarded,"Response Received",25.2361,25.4824,N/A (No Cache),1
2025-10-26T19:07:49.086945,mobile.events.data.microsoft.com (AAAA),Forwarding,8.8.8.8,Forwarded,"Response Received",26.1989,26.4330,N/A (No Cache),1
2025-10-26T19:07:49.122549,jacquelinemertz.ch (A),Forwarding,8.8.8.8,Forwarded,"Response Received",87.7545,88.0270,N/A (No Cache),1
2025-10-26T19:07:49.284656,ana-sofia.pt (A),Forwarding,8.8.8.8,Forwarded,"Response Received",24.6844,25.0282,N/A (No Cache),1
2025-10-26T19:07:49.385993,ana-sofia.pt (A),Forwarding,8.8.8.8,Forwarded,"Response Received",27.0071,27.3073,N/A (No Cache),1
2025-10-26T19:07:49.489946,djbarryblends.com (A),Forwarding,8.8.8.8,Forwarded,"Response Received",92.0320,92.3560,N/A (No Cache),1
2025-10-26T19:07:49.655870,djbarryblends.com (A),Forwarding,8.8.8.8,Forwarded,"Response Received",27.1947,27.4425,N/A (No Cache),1
2025-10-26T19:07:49.757463,deine-bahn.de (A),Forwarding,8.8.8.8,Forwarded,"Response Received",27.5538,27.8444,N/A (No Cache),1
2025-10-26T19:07:49.858822,deine-bahn.de (A),Forwarding,8.8.8.8,Forwarded,"Response Received",27.2419,27.5300,N/A (No Cache),1
2025-10-26T19:07:49.960529,empclan.com (A),Forwarding,8.8.8.8,Forwarded,"Response Received",349.7193,350.0128,N/A (No Cache),1
2025-10-26T19:07:50.374449,empclan.com (A),Forwarding,8.8.8.8,Forwarded,"Response Received",345.7508,346.0062,N/A (No Cache),1
2025-10-26T19:07:50.794192,breezelaw.com (A),Forwarding,8.8.8.8,Forwarded,"Response Received",24.4830,24.6928,N/A (No Cache),1
2025-10-26T19:07:50.819117,beacons.gvt2.com (UNKNOWN),Forwarding,8.8.8.8,Forwarded,"Response Received",32.8038,33.0677,N/A (No Cache),1
2025-10-26T19:07:50.852451,beacons.gvt2.com (A),Forwarding,8.8.8.8,Forwarded,"Response Received",27.3824,27.6666,N/A (No Cache),1
2025-10-26T19:07:50.895910,breezelaw.com (A),Forwarding,8.8.8.8,Forwarded,"Response Received",26.0766,26.3100,N/A (No Cache),1
2025-10-26T19:07:50.990562,grandcanyongrandhotel.com (A),Forwarding,8.8.8.8,Forwarded,"Response Received",344.2364,344.4774,N/A (No Cache),1
2025-10-26T19:07:51.403465,grandcanyongrandhotel.com (A),Forwarding,8.8.8.8,Forwarded,"Response Received",30.5367,30.7698,N/A (No Cache),1
2025-10-26T19:07:51.502861,oberandsons.com (A),Forwarding,8.8.8.8,Forwarded,"Response Received",446.0130,446.2502,N/A (No Cache),1
2025-10-26T19:07:52.022605,oberandsons.com (A),Forwarding,8.8.8.8,Forwarded,"Response Received",286.9132,287.2338,N/A (No Cache),1
2025-10-26T19:07:52.310124,i1.api.augmentcode.com (A),Forwarding,8.8.8.8,Forwarded,"Response Received",25.3253,25.6026,N/A (No Cache),1
2025-10-26T19:07:52.348147,i1.api.augmentcode.com (AAAA),Forwarding,8.8.8.8,Forwarded,"Response Received",23.9060,24.1854,N/A (No Cache),1
2025-10-26T19:07:52.385328,myface.com (A),Forwarding,8.8.8.8,Forwarded,"Response Received",32.8066,33.0188,N/A (No Cache),1
2025-10-26T19:07:52.487081,go2jump.com (A),Forwarding,8.8.8.8,Forwarded,"Response Received",25.7659,25.9984,N/A (No Cache),1
2025-10-26T19:07:52.581009,go2jump.com (A),Forwarding,8.8.8.8,Forwarded,"Response Received",27.2570,27.4618,N/A (No Cache),1
2025-10-26T19:07:52.684755,roche-applied-science.com (A),Forwarding,8.8.8.8,Forwarded,"Response Received",89.9291,90.2076,N/A (No Cache),1
2025-10-26T19:07:52.848608,roche-applied-science.com (A),Forwarding,8.8.8.8,Forwarded,"Response Received",26.1850,26.4633,N/A (No Cache),1
2025-10-26T19:07:52.949572,gustissimo.it (A),Forwarding,8.8.8.8,Forwarded,"Response Received",25.6307,26.1090,N/A (No Cache),1
2025-10-26T19:07:53.051044,gustissimo.it (A),Forwarding,8.8.8.8,Forwarded,"Response Received",24.6229,24.8139,N/A (No Cache),1
2025-10-26T19:07:53.147827,hackthissite.org (A),Forwarding,8.8.8.8,Forwarded,"Response Received",27.0236,27.3466,N/A (No Cache),1
2025-10-26T19:07:53.246591,hackthissite.org (A),Forwarding,8.8.8.8,Forwarded,"Response Received",24.7538,25.2907,N/A (No Cache),1
2025-10-26T19:07:53.348215,celerity.com (A),Forwarding,8.8.8.8,Forwarded,"Response Received",32.4194,32.6829,N/A (No Cache),1
2025-10-26T19:07:53.454851,celerity.com (A),Forwarding,8.8.8.8,Forwarded,"Response Received",25.5597,25.8222,N/A (No Cache),1
2025-10-26T19:07:53.565440,megi.cz (A),Forwarding,8.8.8.8,Forwarded,"Response Received",162.9429,163.2261,N/A (No Cache),1
2025-10-26T19:07:53.799083,megi.cz (A),Forwarding,8.8.8.8,Forwarded,"Response Received",27.6048,27.7803,N/A (No Cache),1
2025-10-26T19:07:53.896499,msf.be (A),Forwarding,8.8.8.8,Forwarded,"Response Received",26.5257,26.7050,N/A (No Cache),1
2025-10-26T19:07:53.998709,msf.be (A),Forwarding,8.8.8.8,Forwarded,"Response Received",33.7195,34.0209,N/A (No Cache),1
2025-10-26T19:07:54.106785,bhhsneproperties.com (A),Forwarding,8.8.8.8,Forwarded,"Response Received",35.0919,35.3818,N/A (No Cache),1
2025-10-26T19:07:54.215976,bhhsneproperties.com (A),Forwarding,8.8.8.8,Forwarded,"Response Received",30.5202,30.7899,N/A (No Cache),1
2025-10-26T19:07:54.317979,tripladoppia.com (A),Forwarding,8.8.8.8,Forwarded,"Response Received",29.8886,30.1507,N/A (No Cache),1
2025-10-26T19:07:54.424955,rositehost.com (A),Forwarding,8.8.8.8,Forwarded,"Response Received",26.7930,27.0665,N/A (No Cache),1
2025-10-26T19:07:54.520011,rositehost.com (A),Forwarding,8.8.8.8,Forwarded,"Response Received",27.1685,27.4005,N/A (No Cache),1
2025-10-26T19:07:54.618037,sweathelp.org (A),Forwarding,8.8.8.8,Forwarded,"Response Received",198.4620,198.7598,N/A (No Cache),1
2025-10-26T19:07:54.889964,sweathelp.org (A),Forwarding,8.8.8.8,Forwarded,"Response Received",26.0050,26.2785,N/A (No Cache),1
2025-10-26T19:07:54.989790,ngoanhien.com (A),Forwarding,8.8.8.8,Forwarded,"Response Received",338.6319,338.9425,N/A (No Cache),1
2025-10-26T19:07:55.402738,lespetiteschoses.com (A),Forwarding,8.8.8.8,Forwarded,"Response Received",26.4220,27.2794,N/A (No Cache),1
2025-10-26T19:07:55.504924,lespetiteschoses.com (A),Forwarding,8.8.8.8,Forwarded,"Response Received",540.1635,540.4382,N/A (No Cache),1
2025-10-26T19:07:56.119222,iointegrators.com (A),Forwarding,8.8.8.8,Forwarded,"Response Received",437.6814,437.9516,N/A (No Cache),1
2025-10-26T19:07:56.631522,iointegrators.com (A),Forwarding,8.8.8.8,Forwarded,"Response Received",51.5983,51.9040,N/A (No Cache),1
2025-10-26T19:07:56.758191,120shenbing.com (A),Forwarding,8.8.8.8,Forwarded,"Response Received",87.2068,87.5766,N/A (No Cache),1
2025-10-26T19:07:56.917210,njafe.org (A),Forwarding,8.8.8.8,Forwarded,"Response Received",25.1880,25.4169,N/A (No Cache),1
2025-10-26T19:07:57.021151,njafe.org (A),Forwarding,8.8.8.8,Forwarded,"Response Received",25.0998,25.3603,N/A (No Cache),1
2025-10-26T19:07:57.121839,abhair.com (A),Forwarding,8.8.8.8,Forwarded,"Response Received",268.7922,269.0301,N/A (No Cache),1
2025-10-26T19:07:57.468814,abhair.com (A),Forwarding,8.8.8.8,Forwarded,"Response Received",25.9221,26.1431,N/A (No Cache),1
2025-10-26T19:07:57.570054,stark.dk (A),Forwarding,8.8.8.8,Forwarded,"Response Received",26.1526,26.4452,N/A (No Cache),1
2025-10-26T19:07:57.672363,stark.dk (A),Forwarding,8.8.8.8,Forwarded,"Response Received",33.6456,33.9301,N/A (No Cache),1
2025-10-26T19:07:57.784039,irflashgame.com (A),Forwarding,8.8.8.8,Forwarded,"Response Received",30.4942,30.7953,N/A (No Cache),1
2025-10-26T19:07:57.889412,wiltpr.com (A),Forwarding,8.8.8.8,Forwarded,"Response Received",30.6909,30.9691,N/A (No Cache),1
2025-10-26T19:07:57.994439,magic-illusion.ru (A),Forwarding,8.8.8.8,Forwarded,"Response Received",27.2150,27.4687,N/A (No Cache),1
2025-10-26T19:07:58.095640,magic-illusion.ru (A),Forwarding,8.8.8.8,Forwarded,"Response Received",29.5565,29.7945,N/A (No Cache),1
2025-10-26T19:08:21.449073,mobile.events.data.microsoft.com (A),Forwarding,8.8.8.8,Forwarded,"Response Received",25.6519,25.8915,N/A (No Cache),1
2025-10-26T19:08:21.487458,mobile.events.data.microsoft.com (AAAA),Forwarding,8.8.8.8,Forwarded,"Response Received",24.2283,24.5011,N/A (No Cache),1
2025-10-26T19:08:23.556258,mobile.events.data.microsoft.com (A),Forwarding,8.8.8.8,Forwarded,"Response Received",28.7492,29.0058,N/A (No Cache),1
2025-10-26T19:08:23.585466,mobile.events.data.microsoft.com (UNKNOWN),Forwarding,8.8.8.8,Forwarded,"Response Received",25.3124,25.5728,N/A (No Cache),1
2025-10-26T19:08:23.611304,wpad (A),Forwarding,8.8.8.8,Forwarded,"Response Received",25.3794,25.6553,N/A (No Cache),1
2025-10-26T19:08:24.346076,play.google.com (UNKNOWN),Forwarding,8.8.8.8,Forwarded,"Response Received",27.4045,27.5915,N/A (No Cache),1
2025-10-26T19:08:24.373793,play.google.com (A),Forwarding,8.8.8.8,Forwarded,"Response Received",24.2362,24.3962,N/A (No Cache),1
2025-10-26T19:08:26.263429,i1.api.augmentcode.com (A),Forwarding,8.8.8.8,Forwarded,"Response Received",27.4146,27.6752,N/A (No Cache),1
2025-10-26T19:08:26.303659,i1.api.augmentcode.com (AAAA),Forwarding,8.8.8.8,Forwarded,"Response Received",27.8606,28.1141,N/A (No Cache),1
2025-10-26T19:09:01.266787,one.google.com (UNKNOWN),Forwarding,8.8.8.8,Forwarded,"Response Received",32.9010,33.2053,N/A (No Cache),1
2025-10-26T19:09:01.300206,one.google.com (A),Forwarding,8.8.8.8,Forwarded,"Response Received",27.9059,28.0950,N/A (No Cache),1
2025-10-26T19:09:02.093657,android.clients.google.com (UNKNOWN),Forwarding,8.8.8.8,Forwarded,"Response Received",27.7169,28.0340,N/A (No Cache),1
2025-10-26T19:09:02.121990,android.clients.google.com (A),Forwarding,8.8.8.8,Forwarded,"Response Received",25.8405,26.0985,N/A (No Cache),1
2025-10-26T19:09:02.148380,wpad (A),Forwarding,8.8.8.8,Forwarded,"Response Received",26.4933,26.7415,N/A (No Cache),1
2025-10-26T19:09:02.262798,beacons.gcp.gvt2.com (UNKNOWN),Forwarding,8.8.8.8,Forwarded,"Response Received",25.4023,25.6512,N/A (No Cache),1
2025-10-26T19:09:02.288831,beacons.gcp.gvt2.com (A),Forwarding,8.8.8.8,Forwarded,"Response Received",24.6005,24.9057,N/A (No Cache),1
2025-10-26T19:09:02.480148,b1.nel.goog (UNKNOWN),Forwarding,8.8.8.8,Forwarded,"Response Received",25.1241,25.4145,N/A (No Cache),1
2025-10-26T19:09:02.505861,b1.nel.goog (A),Forwarding,8.8.8.8,Forwarded,"Response Received",25.0819,25.3234,N/A (No Cache),1
2025-10-26T19:09:31.960228,mobile.events.data.microsoft.com (A),Forwarding,8.8.8.8,Forwarded,"Response Received",26.1722,26.4664,N/A (No Cache),1
2025-10-26T19:09:31.987107,mobile.events.data.microsoft.com (UNKNOWN),Forwarding,8.8.8.8,Forwarded,"Response Received",26.9682,27.2284,N/A (No Cache),1
2025-10-26T19:09:34.890953,main.vscode-cdn.net (A),Forwarding,8.8.8.8,Forwarded,"Response Received",26.3462,26.6542,N/A (No Cache),1
2025-10-26T19:09:34.917990,main.vscode-cdn.net (UNKNOWN),Forwarding,8.8.8.8,Forwarded,"Response Received",24.7908,25.0635,N/A (No Cache),1
2025-10-26T19:09:37.500163,wpad (A),Forwarding,8.8.8.8,Forwarded,"Response Received",26.4668,26.7179,N/A (No Cache),1
2025-10-26T19:09:37.540844,i1.api.augmentcode.com (A),Forwarding,8.8.8.8,Forwarded,"Response Received",26.9880,27.2231,N/A (No Cache),1
2025-10-26T19:09:37.580678,i1.api.augmentcode.com (AAAA),Forwarding,8.8.8.8,Forwarded,"Response Received",27.1215,27.4084,N/A (No Cache),1
2025-10-26T19:10:24.288909,waa-pa.clients6.google.com (UNKNOWN),Forwarding,8.8.8.8,Forwarded,"Response Received",25.4214,25.7301,N/A (No Cache),1
2025-10-26T19:10:24.314911,waa-pa.clients6.google.com (A),Forwarding,8.8.8.8,Forwarded,"Response Received",24.8690,25.0916,N/A (No Cache),1
2025-10-26T19:10:27.516710,android.clients.google.com (UNKNOWN),Forwarding,8.8.8.8,Forwarded,"Response Received",26.5398,26.8133,N/A (No Cache),1
2025-10-26T19:10:27.543819,android.clients.google.com (A),Forwarding,8.8.8.8,Forwarded,"Response Received",25.3015,25.5320,N/A (No Cache),1
2025-10-26T19:10:29.862077,i1.api.augmentcode.com (A),Forwarding,8.8.8.8,Forwarded,"Response Received",28.5437,28.7910,N/A (No Cache),1
2025-10-26T19:10:29.903445,i1.api.augmentcode.com (AAAA),Forwarding,8.8.8.8,Forwarded,"Response Received",27.7119,27.9899,N/A (No Cache),1
2025-10-26T19:10:30.805146,o4509262619082752.ingest.us.sentry.io (A),Forwarding,8.8.8.8,Forwarded,"Response Received",27.3957,27.7174,N/A (No Cache),1
2025-10-26T19:10:30.845263,o4509262619082752.ingest.us.sentry.io (AAAA),Forwarding,8.8.8.8,Forwarded,"Response Received",26.0012,26.2740,N/A (No Cache),1
2025-10-26T19:11:01.270496,one.google.com (UNKNOWN),Forwarding,8.8.8.8,Forwarded,"Response Received",30.1499,30.4766,N/A (No Cache),1
2025-10-26T19:11:01.301187,one.google.com (A),Forwarding,8.8.8.8,Forwarded,"Response Received",29.7647,30.0086,N/A (No Cache),1
2025-10-26T19:11:03.402601,mobile.events.data.microsoft.com (A),Forwarding,8.8.8.8,Forwarded,"Response Received",25.1179,25.4464,N/A (No Cache),1
2025-10-26T19:11:03.428305,mobile.events.data.microsoft.com (UNKNOWN),Forwarding,8.8.8.8,Forwarded,"Response Received",24.9898,25.2693,N/A (No Cache),1
2025-10-26T19:11:07.462832,o4509262619082752.ingest.us.sentry.io (A),Forwarding,8.8.8.8,Forwarded,"Response Received",27.7431,27.9908,N/A (No Cache),1
2025-10-26T19:11:07.503383,o4509262619082752.ingest.us.sentry.io (AAAA),Forwarding,8.8.8.8,Forwarded,"Response Received",27.5149,27.7684,N/A (No Cache),1
2025-10-26T19:11:45.217594,ssl.gstatic.com (UNKNOWN),Forwarding,8.8.8.8,Forwarded,"Response Received",27.3764,27.6766,N/A (No Cache),1
2025-10-26T19:11:45.245542,ssl.gstatic.com (A),Forwarding,8.8.8.8,Forwarded,"Response Received",25.1265,25.3658,N/A (No Cache),1
2025-10-26T19:11:49.262230,accounts.google.com (UNKNOWN),Forwarding,8.8.8.8,Forwarded,"Response Received",28.5475,28.8498,N/A (No Cache),1
2025-10-26T19:11:49.291399,accounts.google.com (A),Forwarding,8.8.8.8,Forwarded,"Response Received",26.1807,26.4575,N/A (No Cache),1
2025-10-26T19:11:50.781610,i1.api.augmentcode.com (A),Forwarding,8.8.8.8,Forwarded,"Response Received",29.8531,30.1433,N/A (No Cache),1
2025-10-26T19:11:50.812011,ssl.gstatic.com (UNKNOWN),Forwarding,8.8.8.8,Forwarded,"Response Received",24.4112,24.7891,N/A (No Cache),1
2025-10-26T19:11:50.837344,ssl.gstatic.com (A),Forwarding,8.8.8.8,Forwarded,"Response Received",30.0186,30.4809,N/A (No Cache),1
2025-10-26T19:11:50.868146,i1.api.augmentcode.com (AAAA),Forwarding,8.8.8.8,Forwarded,"Response Received",25.9020,26.1371,N/A (No Cache),1
2025-10-26T19:11:51.040777,waa-pa.clients6.google.com (UNKNOWN),Forwarding,8.8.8.8,Forwarded,"Response Received",26.5117,26.7613,N/A (No Cache),1
2025-10-26T19:11:51.067804,waa-pa.clients6.google.com (A),Forwarding,8.8.8.8,Forwarded,"Response Received",26.1359,26.3758,N/A (No Cache),1
2025-10-26T19:12:02.477982,b1.nel.goog (UNKNOWN),Forwarding,8.8.8.8,Forwarded,"Response Received",28.1889,28.4655,N/A (No Cache),1
2025-10-26T19:12:02.506750,b1.nel.goog (A),Forwarding,8.8.8.8,Forwarded,"Response Received",26.0236,26.2315,N/A (No Cache),1
2025-10-26T19:12:04.607161,mobile.events.data.microsoft.com (A),Forwarding,8.8.8.8,Forwarded,"Response Received",25.8703,26.1502,N/A (No Cache),1
2025-10-26T19:12:04.633539,mobile.events.data.microsoft.com (UNKNOWN),Forwarding,8.8.8.8,Forwarded,"Response Received",26.7675,26.9971,N/A (No Cache),1
2025-10-26T19:12:08.698894,o4509262619082752.ingest.us.sentry.io (A),Forwarding,8.8.8.8,Forwarded,"Response Received",28.3885,28.6267,N/A (No Cache),1
2025-10-26T19:12:08.739997,o4509262619082752.ingest.us.sentry.io (AAAA),Forwarding,8.8.8.8,Forwarded,"Response Received",28.6291,28.8978,N/A (No Cache),1
2025-10-26T19:12:28.797003,play.google.com (UNKNOWN),Forwarding,8.8.8.8,Forwarded,"Response Received",27.8478,28.1031,N/A (No Cache),1
2025-10-26T19:12:28.825371,play.google.com (A),Forwarding,8.8.8.8,Forwarded,"Response Received",26.4196,26.6452,N/A (No Cache),1
2025-10-26T19:12:34.369432,i1.api.augmentcode.com (A),Forwarding,8.8.8.8,Forwarded,"Response Received",27.5736,27.8165,N/A (No Cache),1
2025-10-26T19:12:34.409845,i1.api.augmentcode.com (AAAA),Forwarding,8.8.8.8,Forwarded,"Response Received",24.8983,25.1112,N/A (No Cache),1
2025-10-26T19:12:39.355764,media-bom5-1.cdn.whatsapp.net (A),Forwarding,8.8.8.8,Forwarded,"Response Received",26.2835,26.5136,N/A (No Cache),1
2025-10-26T19:12:39.382490,media-bom5-1.cdn.whatsapp.net (UNKNOWN),Forwarding,8.8.8.8,Forwarded,"Response Received",26.9830,27.2880,N/A (No Cache),1
2025-10-26T19:12:39.410105,wpad (A),Forwarding,8.8.8.8,Forwarded,"Response Received",27.0431,27.3690,N/A (No Cache),1
2025-10-26T19:12:49.528568,beacons.gvt2.com (UNKNOWN),Forwarding,8.8.8.8,Forwarded,"Response Received",26.2802,26.5722,N/A (No Cache),1
2025-10-26T19:12:49.555411,beacons.gvt2.com (A),Forwarding,8.8.8.8,Forwarded,"Response Received",24.4536,24.7374,N/A (No Cache),1
2025-10-26T19:12:56.008325,o4509262619082752.ingest.us.sentry.io (A),Forwarding,8.8.8.8,Forwarded,"Response Received",25.7850,26.0470,N/A (No Cache),1
2025-10-26T19:12:56.047089,o4509262619082752.ingest.us.sentry.io (AAAA),Forwarding,8.8.8.8,Forwarded,"Response Received",26.6576,27.0858,N/A (No Cache),1
2025-10-26T19:13:03.551407,i1.api.augmentcode.com (A),Forwarding,8.8.8.8,Forwarded,"Response Received",26.2523,26.4807,N/A (No Cache),1
2025-10-26T19:13:03.590277,i1.api.augmentcode.com (AAAA),Forwarding,8.8.8.8,Forwarded,"Response Received",25.1818,25.4543,N/A (No Cache),1
2025-10-26T19:13:05.678891,mobile.events.data.microsoft.com (A),Forwarding,8.8.8.8,Forwarded,"Response Received",25.6417,25.8944,N/A (No Cache),1
2025-10-26T19:13:05.705061,mobile.events.data.microsoft.com (UNKNOWN),Forwarding,8.8.8.8,Forwarded,"Response Received",25.0363,25.3816,N/A (No Cache),1
2025-10-26T19:13:17.663744,web.whatsapp.com (A),Forwarding,8.8.8.8,Forwarded,"Response Received",28.2423,28.4166,N/A (No Cache),1
2025-10-26T19:13:17.692367,web.whatsapp.com (UNKNOWN),Forwarding,8.8.8.8,Forwarded,"Response Received",26.5481,26.7353,N/A (No Cache),1
2025-10-26T19:13:53.298009,realtime.chatgpt.com (UNKNOWN),Forwarding,8.8.8.8,Forwarded,"Response Received",32.9814,33.2365,N/A (No Cache),1
2025-10-26T19:13:53.331531,realtime.chatgpt.com (A),Forwarding,8.8.8.8,Forwarded,"Response Received",32.3129,32.5651,N/A (No Cache),1
2025-10-26T19:13:58.889439,i1.api.augmentcode.com (A),Forwarding,8.8.8.8,Forwarded,"Response Received",30.4012,30.6437,N/A (No Cache),1
2025-10-26T19:13:58.932524,i1.api.augmentcode.com (AAAA),Forwarding,8.8.8.8,Forwarded,"Response Received",26.1066,26.3824,N/A (No Cache),1
2025-10-26T19:13:59.785394,o4509262619082752.ingest.us.sentry.io (A),Forwarding,8.8.8.8,Forwarded,"Response Received",27.2346,27.4768,N/A (No Cache),1
2025-10-26T19:13:59.825351,o4509262619082752.ingest.us.sentry.io (AAAA),Forwarding,8.8.8.8,Forwarded,"Response Received",25.8996,26.1726,N/A (No Cache),1
2025-10-26T19:14:05.242061,android.clients.google.com (UNKNOWN),Forwarding,8.8.8.8,Forwarded,"Response Received",30.1509,30.4375,N/A (No Cache),1
2025-10-26T19:14:05.272824,android.clients.google.com (A),Forwarding,8.8.8.8,Forwarded,"Response Received",27.4014,27.6403,N/A (No Cache),1
2025-10-26T19:14:07.374219,mobile.events.data.microsoft.com (A),Forwarding,8.8.8.8,Forwarded,"Response Received",26.2308,26.5169,N/A (No Cache),1
2025-10-26T19:14:07.400940,mobile.events.data.microsoft.com (UNKNOWN),Forwarding,8.8.8.8,Forwarded,"Response Received",25.1937,25.6181,N/A (No Cache),1
2025-10-26T19:14:09.799076,espresso-pa.clients6.google.com (UNKNOWN),Forwarding,8.8.8.8,Forwarded,"Response Received",28.2173,28.4967,N/A (No Cache),1
2025-10-26T19:14:09.827836,espresso-pa.clients6.google.com (A),Forwarding,8.8.8.8,Forwarded,"Response Received",25.5063,25.7313,N/A (No Cache),1
2025-10-26T19:14:35.046123,main.vscode-cdn.net (A),Forwarding,8.8.8.8,Forwarded,"Response Received",27.1432,27.4448,N/A (No Cache),1
2025-10-26T19:14:35.073826,main.vscode-cdn.net (UNKNOWN),Forwarding,8.8.8.8,Forwarded,"Response Received",27.8931,28.1382,N/A (No Cache),1
2025-10-26T19:15:03.555006,i1.api.augmentcode.com (A),Forwarding,8.8.8.8,Forwarded,"Response Received",26.2558,26.5326,N/A (No Cache),1
2025-10-26T19:15:03.594072,i1.api.augmentcode.com (AAAA),Forwarding,8.8.8.8,Forwarded,"Response Received",26.5894,27.0159,N/A (No Cache),1
2025-10-26T19:15:09.140862,i1.api.augmentcode.com (A),Forwarding,8.8.8.8,Forwarded,"Response Received",28.0066,28.2946,N/A (No Cache),1
2025-10-26T19:15:09.181580,i1.api.augmentcode.com (AAAA),Forwarding,8.8.8.8,Forwarded,"Response Received",25.1627,25.4657,N/A (No Cache),1
2025-10-26T19:15:11.270917,mobile.events.data.microsoft.com (A),Forwarding,8.8.8.8,Forwarded,"Response Received",27.5795,27.9176,N/A (No Cache),1
2025-10-26T19:15:11.299113,mobile.events.data.microsoft.com (UNKNOWN),Forwarding,8.8.8.8,Forwarded,"Response Received",25.3198,25.5826,N/A (No Cache),1
2025-10-26T19:15:25.276018,waa-pa.clients6.google.com (UNKNOWN),Forwarding,8.8.8.8,Forwarded,"Response Received",24.7107,25.0313,N/A (No Cache),1
2025-10-26T19:15:25.301328,waa-pa.clients6.google.com (A),Forwarding,8.8.8.8,Forwarded,"Response Received",25.2638,25.5778,N/A (No Cache),1
2025-10-26T19:15:25.431071,beacons5.gvt3.com (UNKNOWN),Forwarding,8.8.8.8,Forwarded,"Response Received",27.5786,27.8456,N/A (No Cache),1
2025-10-26T19:15:25.459145,beacons5.gvt3.com (A),Forwarding,8.8.8.8,Forwarded,"Response Received",26.6256,26.8528,N/A (No Cache),1
2025-10-26T19:15:31.965483,o4509262619082752.ingest.us.sentry.io (A),Forwarding,8.8.8.8,Forwarded,"Response Received",26.3982,26.6767,N/A (No Cache),1
2025-10-26T19:15:32.004849,o4509262619082752.ingest.us.sentry.io (AAAA),Forwarding,8.8.8.8,Forwarded,"Response Received",25.4858,25.9435,N/A (No Cache),1
2025-10-26T19:15:35.265661,docs.google.com (UNKNOWN),Forwarding,8.8.8.8,Forwarded,"Response Received",24.3917,24.6320,N/A (No Cache),1
2025-10-26T19:15:35.290529,docs.google.com (A),Forwarding,8.8.8.8,Forwarded,"Response Received",26.2561,26.5217,N/A (No Cache),1
2025-10-26T19:15:35.317250,fonts.gstatic.com (UNKNOWN),Forwarding,8.8.8.8,Forwarded,"Response Received",27.6361,27.8621,N/A (No Cache),1
2025-10-26T19:15:35.345393,fonts.gstatic.com (A),Forwarding,8.8.8.8,Forwarded,"Response Received",26.4013,26.6192,N/A (No Cache),1
2025-10-26T19:15:35.372205,www.gstatic.com (UNKNOWN),Forwarding,8.8.8.8,Forwarded,"Response Received",26.4986,26.7060,N/A (No Cache),1
2025-10-26T19:15:35.399163,www.gstatic.com (A),Forwarding,8.8.8.8,Forwarded,"Response Received",24.9493,25.1827,N/A (No Cache),1
2025-10-26T19:15:35.424548,fonts.googleapis.com (UNKNOWN),Forwarding,8.8.8.8,Forwarded,"Response Received",26.5648,26.7870,N/A (No Cache),1
2025-10-26T19:15:35.451572,fonts.googleapis.com (A),Forwarding,8.8.8.8,Forwarded,"Response Received",25.5103,25.7919,N/A (No Cache),1
2025-10-26T19:15:35.477596,apis.google.com (UNKNOWN),Forwarding,8.8.8.8,Forwarded,"Response Received",26.2585,26.5405,N/A (No Cache),1
2025-10-26T19:15:35.504387,apis.google.com (A),Forwarding,8.8.8.8,Forwarded,"Response Received",26.6895,26.9110,N/A (No Cache),1
2025-10-26T19:15:35.531600,sheets.new (UNKNOWN),Forwarding,8.8.8.8,Forwarded,"Response Received",35.9674,36.2921,N/A (No Cache),1
2025-10-26T19:15:35.568152,sheets.new (A),Forwarding,8.8.8.8,Forwarded,"Response Received",30.8783,31.1036,N/A (No Cache),1
2025-10-26T19:15:35.822809,www.google.com (UNKNOWN),Forwarding,8.8.8.8,Forwarded,"Response Received",23.8566,24.0943,N/A (No Cache),1
2025-10-26T19:15:35.847130,www.google.com (A),Forwarding,8.8.8.8,Forwarded,"Response Received",24.7886,25.0132,N/A (No Cache),1
2025-10-26T19:15:35.872368,csp.withgoogle.com (UNKNOWN),Forwarding,8.8.8.8,Forwarded,"Response Received",28.2867,28.5163,N/A (No Cache),1
2025-10-26T19:15:35.901103,csp.withgoogle.com (A),Forwarding,8.8.8.8,Forwarded,"Response Received",25.2752,25.4960,N/A (No Cache),1
2025-10-26T19:15:36.555327,ssl.gstatic.com (UNKNOWN),Forwarding,8.8.8.8,Forwarded,"Response Received",26.1824,26.4134,N/A (No Cache),1
2025-10-26T19:15:36.581910,ssl.gstatic.com (A),Forwarding,8.8.8.8,Forwarded,"Response Received",24.6863,24.9364,N/A (No Cache),1
2025-10-26T19:15:36.756973,ogads-pa.clients6.google.com (UNKNOWN),Forwarding,8.8.8.8,Forwarded,"Response Received",25.4600,25.7318,N/A (No Cache),1
2025-10-26T19:15:36.782981,ogads-pa.clients6.google.com (A),Forwarding,8.8.8.8,Forwarded,"Response Received",25.5234,25.7146,N/A (No Cache),1
2025-10-26T19:15:36.808836,accounts.google.com (UNKNOWN),Forwarding,8.8.8.8,Forwarded,"Response Received",50.1261,50.3151,N/A (No Cache),1
2025-10-26T19:15:36.859409,accounts.google.com (A),Forwarding,8.8.8.8,Forwarded,"Response Received",44.1759,44.3702,N/A (No Cache),1
2025-10-26T19:15:38.387397,peoplestackwebexperiments-pa.clients6.google.com (UNKNOWN),Forwarding,8.8.8.8,Forwarded,"Response Received",24.1559,24.3921,N/A (No Cache),1
2025-10-26T19:15:38.411972,peoplestackwebexperiments-pa.clients6.google.com (A),Forwarding,8.8.8.8,Forwarded,"Response Received",26.6528,26.8025,N/A (No Cache),1
2025-10-26T19:15:38.439033,peoplestack-pa.clients6.google.com (UNKNOWN),Forwarding,8.8.8.8,Forwarded,"Response Received",26.5121,26.7370,N/A (No Cache),1
2025-10-26T19:15:38.465943,peoplestack-pa.clients6.google.com (A),Forwarding,8.8.8.8,Forwarded,"Response Received",24.8275,25.0702,N/A (No Cache),1
2025-10-26T19:15:38.577715,clients6.google.com (UNKNOWN),Forwarding,8.8.8.8,Forwarded,"Response Received",24.4269,24.8270,N/A (No Cache),1
2025-10-26T19:15:38.602755,clients6.google.com (A),Forwarding,8.8.8.8,Forwarded,"Response Received",26.7766,26.9830,N/A (No Cache),1
2025-10-26T19:15:39.052417,ssl.gstatic.com (UNKNOWN),Forwarding,8.8.8.8,Forwarded,"Response Received",26.5214,26.8290,N/A (No Cache),1
2025-10-26T19:15:39.079533,ssl.gstatic.com (A),Forwarding,8.8.8.8,Forwarded,"Response Received",25.2719,25.4855,N/A (No Cache),1
2025-10-26T19:15:39.159918,espresso-pa.clients6.google.com (UNKNOWN),Forwarding,8.8.8.8,Forwarded,"Response Received",27.6036,27.8380,N/A (No Cache),1
2025-10-26T19:15:39.188004,espresso-pa.clients6.google.com (A),Forwarding,8.8.8.8,Forwarded,"Response Received",27.7536,27.9560,N/A (No Cache),1
2025-10-26T19:15:39.216140,appsgrowthpromo-pa.clients6.google.com (UNKNOWN),Forwarding,8.8.8.8,Forwarded,"Response Received",29.1152,29.3589,N/A (No Cache),1
2025-10-26T19:15:39.245752,appsgrowthpromo-pa.clients6.google.com (A),Forwarding,8.8.8.8,Forwarded,"Response Received",26.0484,26.2730,N/A (No Cache),1
2025-10-26T19:15:39.311835,appsgenaiserver-pa.clients6.google.com (UNKNOWN),Forwarding,8.8.8.8,Forwarded,"Response Received",27.7734,27.9994,N/A (No Cache),1
2025-10-26T19:15:39.340053,appsgenaiserver-pa.clients6.google.com (A),Forwarding,8.8.8.8,Forwarded,"Response Received",25.6932,25.8842,N/A (No Cache),1
2025-10-26T19:15:39.866994,contacts.google.com (UNKNOWN),Forwarding,8.8.8.8,Forwarded,"Response Received",25.5630,25.9914,N/A (No Cache),1
2025-10-26T19:15:39.893180,contacts.google.com (A),Forwarding,8.8.8.8,Forwarded,"Response Received",26.5822,26.7589,N/A (No Cache),1
2025-10-26T19:15:39.957245,addons-pa.clients6.google.com (UNKNOWN),Forwarding,8.8.8.8,Forwarded,"Response Received",24.2846,24.4951,N/A (No Cache),1
2025-10-26T19:15:39.981917,addons-pa.clients6.google.com (A),Forwarding,8.8.8.8,Forwarded,"Response Received",26.5813,26.8545,N/A (No Cache),1
2025-10-26T19:15:50.824009,clients4.google.com (UNKNOWN),Forwarding,8.8.8.8,Forwarded,"Response Received",29.9933,30.2382,N/A (No Cache),1
2025-10-26T19:15:50.854454,clients4.google.com (A),Forwarding,8.8.8.8,Forwarded,"Response Received",24.7226,24.9271,N/A (No Cache),1
2025-10-26T19:15:56.402753,i1.api.augmentcode.com (A),Forwarding,8.8.8.8,Forwarded,"Response Received",27.0200,27.2696,N/A (No Cache),1
2025-10-26T19:15:56.442449,i1.api.augmentcode.com (AAAA),Forwarding,8.8.8.8,Forwarded,"Response Received",24.8823,25.1491,N/A (No Cache),1
2025-10-26T19:16:02.479897,b1.nel.goog (UNKNOWN),Forwarding,8.8.8.8,Forwarded,"Response Received",25.9700,26.2189,N/A (No Cache),1
2025-10-26T19:16:02.506392,b1.nel.goog (A),Forwarding,8.8.8.8,Forwarded,"Response Received",27.1564,27.3960,N/A (No Cache),1
2025-10-26T19:16:37.034751,beacons.gvt2.com (UNKNOWN),Forwarding,8.8.8.8,Forwarded,"Response Received",26.0510,26.3186,N/A (No Cache),1
2025-10-26T19:16:37.061388,beacons.gvt2.com (A),Forwarding,8.8.8.8,Forwarded,"Response Received",24.0633,24.3154,N/A (No Cache),1
2025-10-26T19:16:39.162735,mobile.events.data.microsoft.com (A),Forwarding,8.8.8.8,Forwarded,"Response Received",25.7664,26.0999,N/A (No Cache),1
2025-10-26T19:16:39.189072,mobile.events.data.microsoft.com (UNKNOWN),Forwarding,8.8.8.8,Forwarded,"Response Received",25.2907,25.7108,N/A (No Cache),1
2025-10-26T19:16:40.082743,beacons5.gvt3.com (UNKNOWN),Forwarding,8.8.8.8,Forwarded,"Response Received",32.7017,33.0985,N/A (No Cache),1
2025-10-26T19:16:40.116218,beacons5.gvt3.com (A),Forwarding,8.8.8.8,Forwarded,"Response Received",25.6493,25.9285,N/A (No Cache),1
2025-10-26T19:16:42.607956,i1.api.augmentcode.com (A),Forwarding,8.8.8.8,Forwarded,"Response Received",26.7160,26.9775,N/A (No Cache),1
2025-10-26T19:16:42.647510,i1.api.augmentcode.com (AAAA),Forwarding,8.8.8.8,Forwarded,"Response Received",26.6161,26.9132,N/A (No Cache),1
2025-10-26T19:16:43.535486,o4509262619082752.ingest.us.sentry.io (A),Forwarding,8.8.8.8,Forwarded,"Response Received",24.7653,25.0151,N/A (No Cache),1
2025-10-26T19:16:43.573057,o4509262619082752.ingest.us.sentry.io (AAAA),Forwarding,8.8.8.8,Forwarded,"Response Received",26.5830,26.8602,N/A (No Cache),1
2025-10-26T19:16:45.226783,ssl.gstatic.com (UNKNOWN),Forwarding,8.8.8.8,Forwarded,"Response Received",26.2547,26.5574,N/A (No Cache),1
2025-10-26T19:16:45.253638,ssl.gstatic.com (A),Forwarding,8.8.8.8,Forwarded,"Response Received",24.5731,24.7977,N/A (No Cache),1
2025-10-26T19:17:10.264663,accounts.youtube.com (UNKNOWN),Forwarding,8.8.8.8,Forwarded,"Response Received",29.5877,29.9299,N/A (No Cache),1
2025-10-26T19:17:10.295018,accounts.youtube.com (A),Forwarding,8.8.8.8,Forwarded,"Response Received",25.7776,26.0470,N/A (No Cache),1
2025-10-26T19:17:16.703836,o4509262619082752.ingest.us.sentry.io (A),Forwarding,8.8.8.8,Forwarded,"Response Received",27.0312,27.1935,N/A (No Cache),1
2025-10-26T19:17:16.743291,o4509262619082752.ingest.us.sentry.io (AAAA),Forwarding,8.8.8.8,Forwarded,"Response Received",27.4878,27.6368,N/A (No Cache),1
